Old Name,Acct #,Meter #,Activity Code,Usage Date,Gallons,Current $
Anderson Hall -Fire,4327-3155-7018,Fire6,FP7018,7/1/2023,0,$193.67 
Biology -Fire,4327-2435-1015,Fire5,FP1015,7/1/2023,0,$193.67 
Duncan Hall -Fire,4327-3187-4017,Fire7,FP4017,7/1/2023,0,$193.67 
Hicks Kitchen -Fire,4327-2434-6015,Fire3,FP6015,7/1/2023,0,$193.67 
Keck Hall -Fire,4327-2434-5017,Fire2,FP5017,7/1/2023,0,$193.67 
Ryon Lab -Fire,4327-2434-7013,Fire4,FP7013,7/1/2023,0,$193.67 
Wiess College -Fire,4327-6955-7013,Fire1,CP7013,7/1/2023,0,$193.67 
Mechanical Engineering - Fire,4328-3919-9010,Fire8,CP3919,7/1/2023,0,$193.67 
FIRE9,9000-1589-2012,Fire9,FP2012,7/1/2023,0,$193.67 
FIRE10,9000-1589-3010,Fire10,FP3010,7/1/2023,0,$193.67 
FIRE11,9000-1589-4018,Fire11,FP4018,7/1/2023,0,$193.67 
FIRE12,9000-1589-5015,Fire12,FP5015,7/1/2023,0,$82.76 
FIRE13,9000-1589-6013,Fire13,FP6013,7/1/2023,0,$193.67 
FIRE14,9000-1702-4010,Fire14,FP4010,7/1/2023,0,$193.67 
FIRE15,9000-1702-5017,Fire15,FP2501,7/1/2023,0,$193.67 
FIRE16,9000-1702-6015,Fire16,FP2601,7/1/2023,0,$193.67 
FIRE17,9000-1702-7013,Fire17,FP2701,7/1/2023,0,$193.67 
Geo. R. Brown -Fire,9000-1602-0019,70246142,FP0019,7/1/2023,"1,200",$108.55 
Main Feed #1 Current chg,4328-6251-5017,18682076,CP7018,7/1/2023,"5,500,000","$94,512.30 "
Evap Credits $ only,4328-6251-5017,NP-EVAP,CP6253A,7/1/2023,0,"($67,827.38)"
Wiess College,4327-8232-9010,70078262,CP9010,7/1/2023,"4,060,000","$70,028.31 "
Wiess College Credit,4327-8232-9010,SP-EVAP,CP9010A,7/1/2023,0,"($39,167.48)"
Water Well,5010-0001-8017,911279,CP8017,7/1/2023,"4,619,000","$44,705.90 "
Alice Pratt Brown,9000-1599-9015,70111007,CP9015,7/1/2023,"58,000","$1,019.36 "
Anderson Clarke,9000-1602-1017,70278487,CP1017,7/1/2023,"369,000","$6,871.50 "
Annex Building,9000-1598-3019,10251022,CP3019,7/1/2023,"14,000",$287.19 
Baker Hall,4327-3330-2017,70247885,CP2017,7/1/2023,"10,000",$362.17 
BRC,4328-4330-1016,8528116,CP1016,7/1/2023,"295,250","$5,607.43 "
Cambridge Office Bldg,8510-0946-1019,70336306,CP1019,7/1/2023,"23,000","$1,030.64 "
Dell Butcher ,4327-3548-8012,70246143,CP8012,7/1/2023,"93,000","$2,033.93 "
Football Stadium,9000-1598-4017,70109904,CP4017,7/1/2023,"322,000","$6,065.92 "
Jones  School,4327-8726-4014,70075189,CP8726,7/1/2023,"130,000","$2,668.11 "
Library Service Ctr,4328-0629-1014,70120536,CP1014,7/1/2023,"5,000",$632.54 
Martel College,4327-8386-6010,70078261,CP6010,7/1/2023,"46,000","$1,228.35 "
O'Connor Building,8510-0028-9013,70413652,CP9013,7/1/2023,0,$601.50 
President's House,5603-3696-6430,64247,CP6430,7/1/2023,"5,000",$181.57 
Wellness Center,4328-4428-4013,70210599,CP4013,7/1/2023,"113,000","$2,124.54 "
Wellness Center - Pool,4328-4428-4013 L,210485419,CP4013,7/1/2023,"374,500","$4,634.16 "
A-North Lawn,4327-6506-4014,1019851,CP4014,7/1/2023,"1,000",$30.53 
Allen Center Lawn,4327-1267-1010,2259705,CP1010,7/1/2023,"42,000",$536.88 
Anderson Clarke Irrigation,9000-1602-7014,13176324,CP7014,7/1/2023,"324,000","$4,019.58 "
B-South Lawn,4327-6506-5011,208990,CP5011,7/1/2023,"536,000","$6,637.78 "
BRC Lawn,9000-1715-8016,6589556,CP5801,7/1/2023,"78,000",$978.78 
Brockman Hall for Opera Lawn,9000-1354-5018,19491625,CP5018,7/1/2023,"7,000",$104.63 
Cameron Field Lawn,4327-1267-0012,1019880,CP0012,7/1/2023,"158,000","$1,969.48 "
Geo R. Brown Lawn,4327-1267-2018,2259657,CP2018,7/1/2023,"19,000",$243.74 
Intramural Fld Lawn,4327-7743-8016,6561510,CP8016,7/1/2023,0,$18.18 
Lib Service Ctr Lawn,9000-1588-3011,3047766,CP3011,7/1/2023,"37,000",$475.13 
Lovett College Lawn,4328-4952-4017,10019874,CP0018,7/1/2023,"762,000","$9,428.88 "
North College Lawn ,4328-4699-6010,9064832,LN6010,7/1/2023,"134,000","$1,673.08 "
Pres. House. Lawn,4328-1122-2012,3046702,CP2012,7/1/2023,"213,000","$2,648.73 "
Soccer Field Lawn,4327-8841-2018,66973,CP8841,7/1/2023,"56,000",$709.78 
Wiess Lawn A,4327-8769-4012,13001508,CP4012,7/1/2023,"213,000","$2,648.73 "
Wiess Lawn X,9000-1716-0012,2008211,CP6001,7/1/2023,"31,000",$401.03 
Anderson Hall -Fire,4327-3155-7018,Fire6,FP7018,8/1/2023,0,$193.67 
Biology -Fire,4327-2435-1015,Fire5,FP1015,8/1/2023,0,$193.67 
Duncan Hall -Fire,4327-3187-4017,Fire7,FP4017,8/1/2023,0,$193.67 
Hicks Kitchen -Fire,4327-2434-6015,Fire3,FP6015,8/1/2023,0,$193.67 
Keck Hall -Fire,4327-2434-5017,Fire2,FP5017,8/1/2023,0,$193.67 
Ryon Lab -Fire,4327-2434-7013,Fire4,FP7013,8/1/2023,0,$193.67 
Wiess College -Fire,4327-6955-7013,Fire1,CP7013,8/1/2023,0,$193.67 
Mechanical Engineering - Fire,4328-3919-9010,Fire8,CP3919,8/1/2023,0,$193.67 
FIRE9,9000-1589-2012,Fire9,FP2012,8/1/2023,0,$193.67 
FIRE10,9000-1589-3010,Fire10,FP3010,8/1/2023,0,$193.67 
FIRE11,9000-1589-4018,Fire11,FP4018,8/1/2023,0, $-   
FIRE12,9000-1589-5015,Fire12,FP5015,8/1/2023,0, $-   
FIRE13,9000-1589-6013,Fire13,FP6013,8/1/2023,0, $-   
FIRE14,9000-1702-4010,Fire14,FP4010,8/1/2023,0, $-   
FIRE15,9000-1702-5017,Fire15,FP2501,8/1/2023,0, $-   
FIRE16,9000-1702-6015,Fire16,FP2601,8/1/2023,0, $-   
FIRE17,9000-1702-7013,Fire17,FP2701,8/1/2023,0, $-   
Geo. R. Brown -Fire,9000-1602-0019,70246142,FP0019,8/1/2023,"1,200",$108.55 
Main Feed #1 Current chg,4328-6251-5017,18682076,CP7018,8/1/2023,"5,500,000","$94,512.30 "
Evap Credits $ only,4328-6251-5017,NP-EVAP,CP6253A,8/1/2023,0,"($75,649.92)"
Wiess College,4327-8232-9010,70078262,CP9010,8/1/2023,"4,577,000","$78,939.82 "
Wiess College Credit,4327-8232-9010,SP-EVAP,CP9010A,8/1/2023,0,"($43,331.49)"
Water Well,5010-0001-8017,911279,CP8017,8/1/2023,"8,703,000","$83,953.14 "
Alice Pratt Brown,9000-1599-9015,70111007,CP9015,8/1/2023,"58,000","$1,019.36 "
Anderson Clarke,9000-1602-1017,70278487,CP1017,8/1/2023,"481,000","$8,791.18 "
Annex Building,9000-1598-3019,10251022,CP3019,8/1/2023,"25,000",$475.73 
Baker Hall,4327-3330-2017,70247885,CP2017,8/1/2023,"14,000",$430.73 
BRC,4328-4330-1016,8528116,CP1016,8/1/2023,"295,250","$5,607.43 "
Cambridge Office Bldg,8510-0946-1019,70336306,CP1019,8/1/2023,"18,000",$748.43 
Dell Butcher ,4327-3548-8012,70246143,CP8012,8/1/2023,"32,000",$988.39 
Football Stadium,9000-1598-4017,70109904,CP4017,8/1/2023,"624,000","$11,242.20 "
Jones  School,4327-8726-4014,70075189,CP8726,8/1/2023,"221,000","$4,227.85 "
Library Service Ctr,4328-0629-1014,70120536,CP1014,8/1/2023,"5,000",$632.54 
Martel College,4327-8386-6010,70078261,CP6010,8/1/2023,"16,000",$714.15 
O'Connor Building,8510-0028-9013,70413652,CP9013,8/1/2023,0,$546.84 
President's House,5603-3696-6430,64247,CP6430,8/1/2023,"13,000",$371.68 
Wellness Center,4328-4428-4013,70210599,CP4013,8/1/2023,"189,000","$3,786.30 "
Wellness Center - Pool,4328-4428-4013 L,210485419,CP4013,8/1/2023,"638,000","$7,897.48 "
A-North Lawn,4327-6506-4014,1019851,CP4014,8/1/2023,0,$9.09 
Allen Center Lawn,4327-1267-1010,2259705,CP1010,8/1/2023,"33,000",$425.73 
Anderson Clarke Irrigation,9000-1602-7014,13176324,CP7014,8/1/2023,"458,000","$5,674.48 "
B-South Lawn,4327-6506-5011,208990,CP5011,8/1/2023,"902,000","$11,157.88 "
BRC Lawn,9000-1715-8016,6589556,CP5801,8/1/2023,"155,000","$1,929.73 "
Brockman Hall for Opera Lawn,9000-1354-5018,19491625,CP5018,8/1/2023,"7,000",$104.63 
Cameron Field Lawn,4327-1267-0012,1019880,CP0012,8/1/2023,"210,000","$2,611.68 "
Geo R. Brown Lawn,4327-1267-2018,2259657,CP2018,8/1/2023,"23,000",$302.23 
Intramural Fld Lawn,4327-7743-8016,6561510,CP8016,8/1/2023,0,$18.18 
Lib Service Ctr Lawn,9000-1588-3011,3047766,CP3011,8/1/2023,"176,000","$2,191.78 "
Lovett College Lawn,4328-4952-4017,10019874,CP0018,8/1/2023,"764,000","$9,453.58 "
North College Lawn ,4328-4699-6010,9064832,LN6010,8/1/2023,"468,000","$6,685.75 "
Pres. House. Lawn,4328-1122-2012,3046702,CP2012,8/1/2023,"292,000","$3,624.38 "
Soccer Field Lawn,4327-8841-2018,66973,CP8841,8/1/2023,"555,000","$6,872.43 "
Wiess Lawn A,4327-8769-4012,13001508,CP4012,8/1/2023,"196,000","$2,438.78 "
Wiess Lawn X,9000-1716-0012,2008211,CP6001,8/1/2023,"702,000","$8,847.47 "
Anderson Hall -Fire,4327-3155-7018,Fire6,FP7018,9/1/2023,0,$193.67 
Biology -Fire,4327-2435-1015,Fire5,FP1015,9/1/2023,0,$193.67 
Duncan Hall -Fire,4327-3187-4017,Fire7,FP4017,9/1/2023,0,$193.67 
Hicks Kitchen -Fire,4327-2434-6015,Fire3,FP6015,9/1/2023,0,$193.67 
Keck Hall -Fire,4327-2434-5017,Fire2,FP5017,9/1/2023,0,$193.67 
Ryon Lab -Fire,4327-2434-7013,Fire4,FP7013,9/1/2023,0,$193.67 
Wiess College -Fire,4327-6955-7013,Fire1,CP7013,9/1/2023,0,$193.67 
Mechanical Engineering - Fire,4328-3919-9010,Fire8,CP3919,9/1/2023,0,$193.67 
FIRE9,9000-1589-2012,Fire9,FP2012,9/1/2023,0,$193.67 
FIRE10,9000-1589-3010,Fire10,FP3010,9/1/2023,0,$193.67 
FIRE11,9000-1589-4018,Fire11,FP4018,9/1/2023,0,$193.67 
FIRE12,9000-1589-5015,Fire12,FP5015,9/1/2023,0,$82.76 
FIRE13,9000-1589-6013,Fire13,FP6013,9/1/2023,0,$193.67 
FIRE14,9000-1702-4010,Fire14,FP4010,9/1/2023,0,$193.67 
FIRE15,9000-1702-5017,Fire15,FP2501,9/1/2023,0,$193.67 
FIRE16,9000-1702-6015,Fire16,FP2601,9/1/2023,0,$193.67 
FIRE17,9000-1702-7013,Fire17,FP2701,9/1/2023,0,$193.67 
Geo. R. Brown -Fire,9000-1602-0019,70246142,FP0019,9/1/2023,"1,200",$108.55 
Main Feed #1 Current chg,4328-6251-5017,18682076,CP7018,9/1/2023,"8,904,000","$205,239.52 "
Evap Credits $ only,4328-6251-5017,NP-EVAP,CP6253A,9/1/2023,0,"($66,654.96)"
Wiess College,4327-8232-9010,70078262,CP9010,9/1/2023,"2,105,000","$36,519.61 "
Wiess College Credit,4327-8232-9010,SP-EVAP,CP9010A,9/1/2023,0,"($20,229.05)"
Water Well,5010-0001-8017,911279,CP8017,9/1/2023,"10,781,000","$103,922.72 "
Alice Pratt Brown,9000-1599-9015,70111007,CP9015,9/1/2023,"75,000","$1,386.45 "
Anderson Clarke,9000-1602-1017,70278487,CP1017,9/1/2023,"413,000","$7,625.66 "
Annex Building,9000-1598-3019,10251022,CP3019,9/1/2023,"19,000",$372.89 
Baker Hall,4327-3330-2017,70247885,CP2017,9/1/2023,"18,000",$499.29 
BRC,4328-4330-1016,8528116,CP1016,9/1/2023,"295,250","$5,607.43 "
Cambridge Office Bldg,8510-0946-1019,70336306,CP1019,9/1/2023,"32,000",$988.39 
Dell Butcher ,4327-3548-8012,70246143,CP8012,9/1/2023,"69,000","$1,622.57 "
Football Stadium,9000-1598-4017,70109904,CP4017,9/1/2023,"547,000","$9,922.42 "
Jones  School,4327-8726-4014,70075189,CP8726,9/1/2023,"186,000","$3,627.95 "
Library Service Ctr,4328-0629-1014,70120536,CP1014,9/1/2023,"4,000",$615.40 
Martel College,4327-8386-6010,70078261,CP6010,9/1/2023,"35,000","$1,039.81 "
O'Connor Building,8510-0028-9013,70413652,CP9013,9/1/2023,"1,697,000","$29,633.42 "
President's House,5603-3696-6430,64247,CP6430,9/1/2023,"9,000",$273.24 
Wellness Center,4328-4428-4013,70210599,CP4013,9/1/2023,"134,000","$2,843.60 "
Wellness Center - Pool,4328-4428-4013 L,210485419,CP4013,9/1/2023,"356,000","$4,414.78 "
A-North Lawn,4327-6506-4014,1019851,CP4014,9/1/2023,0,$9.09 
Allen Center Lawn,4327-1267-1010,2259705,CP1010,9/1/2023,"24,000",$314.58 
Anderson Clarke Irrigation,9000-1602-7014,13176324,CP7014,9/1/2023,"711,000","$8,799.03 "
B-South Lawn,4327-6506-5011,208990,CP5011,9/1/2023,"481,000","$5,958.53 "
BRC Lawn,9000-1715-8016,6589556,CP5801,9/1/2023,"212,000","$2,633.68 "
Brockman Hall for Opera Lawn,9000-1354-5018,19491625,CP5018,9/1/2023,"6,000",$92.28 
Cameron Field Lawn,4327-1267-0012,1019880,CP0012,9/1/2023,"135,000","$1,685.43 "
Geo R. Brown Lawn,4327-1267-2018,2259657,CP2018,9/1/2023,"18,000",$240.48 
Intramural Fld Lawn,4327-7743-8016,6561510,CP8016,9/1/2023,0,$18.18 
Lib Service Ctr Lawn,9000-1588-3011,3047766,CP3011,9/1/2023,"199,000","$2,475.83 "
Lovett College Lawn,4328-4952-4017,10019874,CP0018,9/1/2023,"433,000","$5,365.73 "
North College Lawn ,4328-4699-6010,9064832,LN6010,9/1/2023,"151,000","$1,883.03 "
Pres. House. Lawn,4328-1122-2012,3046702,CP2012,9/1/2023,"170,000","$2,117.68 "
Soccer Field Lawn,4327-8841-2018,66973,CP8841,9/1/2023,"300,000","$3,723.18 "
Wiess Lawn A,4327-8769-4012,13001508,CP4012,9/1/2023,"258,000","$3,448.36 "
Wiess Lawn X,9000-1716-0012,2008211,CP6001,9/1/2023,"84,000","$1,055.58 "
Anderson Hall -Fire,4327-3155-7018,Fire6,FP7018,10/1/2023,0,$193.67 
Biology -Fire,4327-2435-1015,Fire5,FP1015,10/1/2023,0,$193.67 
Duncan Hall -Fire,4327-3187-4017,Fire7,FP4017,10/1/2023,0,$193.67 
Hicks Kitchen -Fire,4327-2434-6015,Fire3,FP6015,10/1/2023,0,$193.67 
Keck Hall -Fire,4327-2434-5017,Fire2,FP5017,10/1/2023,0,$193.67 
Ryon Lab -Fire,4327-2434-7013,Fire4,FP7013,10/1/2023,0,$193.67 
Wiess College -Fire,4327-6955-7013,Fire1,CP7013,10/1/2023,0,$193.67 
Mechanical Engineering - Fire,4328-3919-9010,Fire8,CP3919,10/1/2023,0,$193.67 
FIRE9,9000-1589-2012,Fire9,FP2012,10/1/2023,0,$193.67 
FIRE10,9000-1589-3010,Fire10,FP3010,10/1/2023,0,$193.67 
FIRE11,9000-1589-4018,Fire11,FP4018,10/1/2023,0,$193.67 
FIRE12,9000-1589-5015,Fire12,FP5015,10/1/2023,0,$82.76 
FIRE13,9000-1589-6013,Fire13,FP6013,10/1/2023,0,$193.67 
FIRE14,9000-1702-4010,Fire14,FP4010,10/1/2023,0,$193.67 
FIRE15,9000-1702-5017,Fire15,FP2501,10/1/2023,0,$193.67 
FIRE16,9000-1702-6015,Fire16,FP2601,10/1/2023,0,$193.67 
FIRE17,9000-1702-7013,Fire17,FP2701,10/1/2023,0,$193.67 
Geo. R. Brown -Fire,9000-1602-0019,70246142,FP0019,10/1/2023,"1,000",$457.05 
Main Feed #1 Current chg,4328-6251-5017,18682076,CP7018,10/1/2023,"5,315,000","$92,218.69 "
Evap Credits $ only,4328-6251-5017,NP-EVAP,CP6253A,10/1/2023,0,"($36,373.85)"
Wiess College,4327-8232-9010,70078262,CP9010,10/1/2023,"989,000","$17,441.50 "
Wiess College Credit,4327-8232-9010,SP-EVAP,CP9010A,10/1/2023,0,"($10,868.91)"
Water Well,5010-0001-8017,911279,CP8017,10/1/2023,"10,157,000","$97,926.08 "
Alice Pratt Brown,9000-1599-9015,70111007,CP9015,10/1/2023,"89,000","$1,626.41 "
Anderson Clarke,9000-1602-1017,70278487,CP1017,10/1/2023,"382,000","$7,094.32 "
Annex Building,9000-1598-3019,10251022,CP3019,10/1/2023,"19,000",$372.89 
Baker Hall,4327-3330-2017,70247885,CP2017,10/1/2023,"22,000",$567.85 
BRC,4328-4330-1016,8528116,CP1016,10/1/2023,"295,250","$5,607.43 "
Cambridge Office Bldg,8510-0946-1019,70336306,CP1019,10/1/2023,"14,000",$689.02 
Dell Butcher ,4327-3548-8012,70246143,CP8012,10/1/2023,"46,000","$1,228.35 "
Football Stadium,9000-1598-4017,70109904,CP4017,10/1/2023,"393,000","$7,282.86 "
Jones  School,4327-8726-4014,70075189,CP8726,10/1/2023,"167,000","$3,302.29 "
Library Service Ctr,4328-0629-1014,70120536,CP1014,10/1/2023,"5,000",$632.54 
Martel College,4327-8386-6010,70078261,CP6010,10/1/2023,"90,000","$1,982.51 "
O'Connor Building,8510-0028-9013,70413652,CP9013,10/1/2023,"572,000","$10,350.92 "
President's House,5603-3696-6430,64247,CP6430,10/1/2023,"14,000",$398.75 
Wellness Center,4328-4428-4013,70210599,CP4013,10/1/2023,"135,000","$2,860.74 "
Wellness Center - Pool,4328-4428-4013 L,210485419,CP4013,10/1/2023,"65,000",$820.93 
A-North Lawn,4327-6506-4014,1019851,CP4014,10/1/2023,0,$18.18 
Allen Center Lawn,4327-1267-1010,2259705,CP1010,10/1/2023,"99,000","$1,240.83 "
Anderson Clarke Irrigation,9000-1602-7014,13176324,CP7014,10/1/2023,"128,000","$1,598.98 "
B-South Lawn,4327-6506-5011,208990,CP5011,10/1/2023,"363,000","$4,501.23 "
BRC Lawn,9000-1715-8016,6589556,CP5801,10/1/2023,"243,000","$3,016.53 "
Brockman Hall for Opera Lawn,9000-1354-5018,19491625,CP5018,10/1/2023,"3,000",$56.28 
Cameron Field Lawn,4327-1267-0012,1019880,CP0012,10/1/2023,"171,000","$2,130.03 "
Geo R. Brown Lawn,4327-1267-2018,2259657,CP2018,10/1/2023,"19,000",$252.83 
Intramural Fld Lawn,4327-7743-8016,6561510,CP8016,10/1/2023,0,$18.18 
Lib Service Ctr Lawn,9000-1588-3011,3047766,CP3011,10/1/2023,"150,000","$1,892.60 "
Lovett College Lawn,4328-4952-4017,10019874,CP0018,10/1/2023,"258,000","$3,204.48 "
North College Lawn ,4328-4699-6010,9064832,LN6010,10/1/2023,"565,000","$7,053.91 "
Pres. House. Lawn,4328-1122-2012,3046702,CP2012,10/1/2023,"199,000","$2,475.83 "
Soccer Field Lawn,4327-8841-2018,66973,CP8841,10/1/2023,"166,000","$2,068.28 "
Wiess Lawn A,4327-8769-4012,13001508,CP4012,10/1/2023,"300,000","$3,747.57 "
Wiess Lawn X,9000-1716-0012,2008211,CP6001,10/1/2023,"100,000","$1,340.06 "
Anderson Hall -Fire,4327-3155-7018,Fire6,FP7018,11/1/2023,0,$193.67 
Biology -Fire,4327-2435-1015,Fire5,FP1015,11/1/2023,0,$193.67 
Duncan Hall -Fire,4327-3187-4017,Fire7,FP4017,11/1/2023,0,$193.67 
Hicks Kitchen -Fire,4327-2434-6015,Fire3,FP6015,11/1/2023,0,$193.67 
Keck Hall -Fire,4327-2434-5017,Fire2,FP5017,11/1/2023,0,$193.67 
Ryon Lab -Fire,4327-2434-7013,Fire4,FP7013,11/1/2023,0,$193.67 
Wiess College -Fire,4327-6955-7013,Fire1,CP7013,11/1/2023,0,$193.67 
Mechanical Engineering - Fire,4328-3919-9010,Fire8,CP3919,11/1/2023,0,$193.67 
FIRE9,9000-1589-2012,Fire9,FP2012,11/1/2023,0,$193.67 
FIRE10,9000-1589-3010,Fire10,FP3010,11/1/2023,0,$193.67 
FIRE11,9000-1589-4018,Fire11,FP4018,11/1/2023,0,$193.67 
FIRE12,9000-1589-5015,Fire12,FP5015,11/1/2023,0,$82.76 
FIRE13,9000-1589-6013,Fire13,FP6013,11/1/2023,0,$193.67 
FIRE14,9000-1702-4010,Fire14,FP4010,11/1/2023,0,$193.67 
FIRE15,9000-1702-5017,Fire15,FP2501,11/1/2023,0,$193.67 
FIRE16,9000-1702-6015,Fire16,FP2601,11/1/2023,0,$193.67 
FIRE17,9000-1702-7013,Fire17,FP2701,11/1/2023,0,$193.67 
Geo. R. Brown -Fire,9000-1602-0019,70246142,FP0019,11/1/2023,"4,000",$508.47 
Main Feed #1 Current chg,4328-6251-5017,18682076,CP7018,11/1/2023,"4,492,000","$77,477.23 "
Evap Credits $ only,4328-6251-5017,NP-EVAP,CP6253A,11/1/2023,0,"($23,602.16)"
Wiess College,4327-8232-9010,70078262,CP9010,11/1/2023,"422,000","$7,672.99 "
Wiess College Credit,4327-8232-9010,SP-EVAP,CP9010A,11/1/2023,0,"($4,055.42)"
Water Well,5010-0001-8017,911279,CP8017,11/1/2023,"8,665,000","$83,587.96 "
Alice Pratt Brown,9000-1599-9015,70111007,CP9015,11/1/2023,"84,000","$1,540.21 "
Anderson Clarke,9000-1602-1017,70278487,CP1017,11/1/2023,"378,000","$7,025.76 "
Annex Building,9000-1598-3019,10251022,CP3019,11/1/2023,"17,000",$338.61 
Baker Hall,4327-3330-2017,70247885,CP2017,11/1/2023,"22,000",$567.85 
BRC,4328-4330-1016,8528116,CP1016,11/1/2023,"400,000","$7,129.17 "
Cambridge Office Bldg,8510-0946-1019,70336306,CP1019,11/1/2023,"36,000","$1,157.81 "
Dell Butcher ,4327-3548-8012,70246143,CP8012,11/1/2023,"84,000","$1,879.67 "
Football Stadium,9000-1598-4017,70109904,CP4017,11/1/2023,"400,000","$7,402.84 "
Jones  School,4327-8726-4014,70075189,CP8726,11/1/2023,"173,000","$3,405.13 "
Library Service Ctr,4328-0629-1014,70120536,CP1014,11/1/2023,"10,000",$718.24 
Martel College,4327-8386-6010,70078261,CP6010,11/1/2023,"67,000","$1,588.29 "
O'Connor Building,8510-0028-9013,70413652,CP9013,11/1/2023,"200,000","$3,974.84 "
President's House,5603-3696-6430,64247,CP6430,11/1/2023,"13,000",$371.68 
Wellness Center,4328-4428-4013,70210599,CP4013,11/1/2023,"125,000","$8,067.42 "
Wellness Center - Pool,4328-4428-4013 L,210485419,CP4013,11/1/2023,"58,000",$734.48 
A-North Lawn,4327-6506-4014,1019851,CP4014,11/1/2023,0,$18.18 
Allen Center Lawn,4327-1267-1010,2259705,CP1010,11/1/2023,"151,000","$1,883.03 "
Anderson Clarke Irrigation,9000-1602-7014,13176324,CP7014,11/1/2023,"66,000",$833.28 
B-South Lawn,4327-6506-5011,208990,CP5011,11/1/2023,"261,000","$3,241.53 "
BRC Lawn,9000-1715-8016,6589556,CP5801,11/1/2023,"197,000","$2,448.43 "
Brockman Hall for Opera Lawn,9000-1354-5018,19491625,CP5018,11/1/2023,"3,000",$56.28 
Cameron Field Lawn,4327-1267-0012,1019880,CP0012,11/1/2023,"157,000","$1,957.13 "
Geo R. Brown Lawn,4327-1267-2018,2259657,CP2018,11/1/2023,"16,000",$215.78 
Intramural Fld Lawn,4327-7743-8016,6561510,CP8016,11/1/2023,0,$18.18 
Lib Service Ctr Lawn,9000-1588-3011,3047766,CP3011,11/1/2023,"194,000","$2,655.18 "
Lovett College Lawn,4328-4952-4017,10019874,CP0018,11/1/2023,"254,000","$3,155.08 "
North College Lawn ,4328-4699-6010,9064832,LN6010,11/1/2023,"174,000","$2,804.86 "
Pres. House. Lawn,4328-1122-2012,3046702,CP2012,11/1/2023,"141,000","$1,759.53 "
Soccer Field Lawn,4327-8841-2018,66973,CP8841,11/1/2023,"64,000",$808.58 
Wiess Lawn A,4327-8769-4012,13001508,CP4012,11/1/2023,"208,000","$2,855.25 "
Wiess Lawn X,9000-1716-0012,2008211,CP6001,11/1/2023,"92,000","$2,110.05 "
Anderson Hall -Fire,4327-3155-7018,Fire6,FP7018,12/1/2023,0,$193.67 
Biology -Fire,4327-2435-1015,Fire5,FP1015,12/1/2023,0,$193.67 
Duncan Hall -Fire,4327-3187-4017,Fire7,FP4017,12/1/2023,0,$193.67 
Hicks Kitchen -Fire,4327-2434-6015,Fire3,FP6015,12/1/2023,0,$193.67 
Keck Hall -Fire,4327-2434-5017,Fire2,FP5017,12/1/2023,0,$193.67 
Ryon Lab -Fire,4327-2434-7013,Fire4,FP7013,12/1/2023,0,$193.67 
Wiess College -Fire,4327-6955-7013,Fire1,CP7013,12/1/2023,0,$193.67 
Mechanical Engineering - Fire,4328-3919-9010,Fire8,CP3919,12/1/2023,0,$193.67 
FIRE9,9000-1589-2012,Fire9,FP2012,12/1/2023,0,$193.67 
FIRE10,9000-1589-3010,Fire10,FP3010,12/1/2023,0,$193.67 
FIRE11,9000-1589-4018,Fire11,FP4018,12/1/2023,0,$193.67 
FIRE12,9000-1589-5015,Fire12,FP5015,12/1/2023,0,$82.76 
FIRE13,9000-1589-6013,Fire13,FP6013,12/1/2023,0,$193.67 
FIRE14,9000-1702-4010,Fire14,FP4010,12/1/2023,0,$193.67 
FIRE15,9000-1702-5017,Fire15,FP2501,12/1/2023,0,$193.67 
FIRE16,9000-1702-6015,Fire16,FP2601,12/1/2023,0,$193.67 
FIRE17,9000-1702-7013,Fire17,FP2701,12/1/2023,0,$193.67 
Geo. R. Brown -Fire,9000-1602-0019,70246142,FP0019,12/1/2023,"1,000",$507.37 
Main Feed #1 Current chg,4328-6251-5017,18682076,CP7018,12/1/2023,"4,492,000","$77,477.23 "
Evap Credits $ only,4328-6251-5017,NP-EVAP,CP6253A,12/1/2023,0,"($19,047.02)"
Wiess College,4327-8232-9010,70078262,CP9010,12/1/2023,"1,131,000","$19,824.75 "
Wiess College Credit,4327-8232-9010,SP-EVAP,CP9010A,12/1/2023,0,"($9,504.29)"
Water Well,5010-0001-8017,911279,CP8017,12/1/2023,"5,880,000","$56,824.11 "
Alice Pratt Brown,9000-1599-9015,70111007,CP9015,12/1/2023,"110,000","$1,985.85 "
Anderson Clarke,9000-1602-1017,70278487,CP1017,12/1/2023,"450,000","$8,259.34 "
Annex Building,9000-1598-3019,10251022,CP3019,12/1/2023,"12,000",$252.41 
Baker Hall,4327-3330-2017,70247885,CP2017,12/1/2023,"9,000",$344.53 
BRC,4328-4330-1016,8528116,CP1016,12/1/2023,"400,000","$7,129.17 "
Cambridge Office Bldg,8510-0946-1019,70336306,CP1019,12/1/2023,"15,500",$485.63 
Dell Butcher ,4327-3548-8012,70246143,CP8012,12/1/2023,"56,000","$1,399.25 "
Football Stadium,9000-1598-4017,70109904,CP4017,12/1/2023,"174,000","$3,528.70 "
Jones  School,4327-8726-4014,70075189,CP8726,12/1/2023,"71,000","$1,656.35 "
Library Service Ctr,4328-0629-1014,70120536,CP1014,12/1/2023,"5,000",$632.33 
Martel College,4327-8386-6010,70078261,CP6010,12/1/2023,"64,000","$1,536.37 "
O'Connor Building,8510-0028-9013,70413652,CP9013,12/1/2023,"503,000","$9,015.37 "
President's House,5603-3696-6430,64247,CP6430,12/1/2023,"11,000",$320.39 
Wellness Center,4328-4428-4013,70210599,CP4013,12/1/2023,"138,000","$1,506.68 "
Wellness Center - Pool,4328-4428-4013 L,210485419,CP4013,12/1/2023,"56,000","$1,722.48 "
A-North Lawn,4327-6506-4014,1019851,CP4014,12/1/2023,0,$18.18 
Allen Center Lawn,4327-1267-1010,2259705,CP1010,12/1/2023,"98,000","$1,228.48 "
Anderson Clarke Irrigation,9000-1602-7014,13176324,CP7014,12/1/2023,"52,000",$660.38 
B-South Lawn,4327-6506-5011,208990,CP5011,12/1/2023,"169,000","$2,105.33 "
BRC Lawn,9000-1715-8016,6589556,CP5801,12/1/2023,"215,000","$2,670.73 "
Brockman Hall for Opera Lawn,9000-1354-5018,19491625,CP5018,12/1/2023,"3,000",$55.23 
Cameron Field Lawn,4327-1267-0012,1019880,CP0012,12/1/2023,"80,000",$997.09 
Geo R. Brown Lawn,4327-1267-2018,2259657,CP2018,12/1/2023,"19,500",$249.91 
Intramural Fld Lawn,4327-7743-8016,6561510,CP8016,12/1/2023,0,$18.18 
Lib Service Ctr Lawn,9000-1588-3011,3047766,CP3011,12/1/2023,"156,000","$1,944.78 "
Lovett College Lawn,4328-4952-4017,10019874,CP0018,12/1/2023,"352,000","$4,365.38 "
North College Lawn ,4328-4699-6010,9064832,LN6010,12/1/2023,"192,500","$2,386.46 "
Pres. House. Lawn,4328-1122-2012,3046702,CP2012,12/1/2023,"185,000","$2,302.93 "
Soccer Field Lawn,4327-8841-2018,66973,CP8841,12/1/2023,"90,000","$1,129.68 "
Wiess Lawn A,4327-8769-4012,13001508,CP4012,12/1/2023,"197,000","$2,442.04 "
Wiess Lawn X,9000-1716-0012,2008211,CP6001,12/1/2023,"333,000","$4,130.73 "
Anderson Hall -Fire,4327-3155-7018,Fire6,FP7018,1/1/2024,0,$193.67 
Biology -Fire,4327-2435-1015,Fire5,FP1015,1/1/2024,0,$193.67 
Duncan Hall -Fire,4327-3187-4017,Fire7,FP4017,1/1/2024,0,$193.67 
Hicks Kitchen -Fire,4327-2434-6015,Fire3,FP6015,1/1/2024,0,$193.67 
Keck Hall -Fire,4327-2434-5017,Fire2,FP5017,1/1/2024,0,$193.67 
Ryon Lab -Fire,4327-2434-7013,Fire4,FP7013,1/1/2024,0,$193.67 
Wiess College -Fire,4327-6955-7013,Fire1,CP7013,1/1/2024,0,$193.67 
Mechanical Engineering - Fire,4328-3919-9010,Fire8,CP3919,1/1/2024,0,$193.67 
FIRE9,9000-1589-2012,Fire9,FP2012,1/1/2024,0,$193.67 
FIRE10,9000-1589-3010,Fire10,FP3010,1/1/2024,0,$193.67 
FIRE11,9000-1589-4018,Fire11,FP4018,1/1/2024,0,$193.67 
FIRE12,9000-1589-5015,Fire12,FP5015,1/1/2024,0,$82.76 
FIRE13,9000-1589-6013,Fire13,FP6013,1/1/2024,0,$193.67 
FIRE14,9000-1702-4010,Fire14,FP4010,1/1/2024,0,$193.67 
FIRE15,9000-1702-5017,Fire15,FP2501,1/1/2024,0,$193.67 
FIRE16,9000-1702-6015,Fire16,FP2601,1/1/2024,0,$193.67 
FIRE17,9000-1702-7013,Fire17,FP2701,1/1/2024,0,$193.67 
Geo. R. Brown -Fire,9000-1602-0019,70246142,FP0019,1/1/2024,"47,000","$1,244.99 "
Main Feed #1 Current chg,4328-6251-5017,18682076,CP7018,1/1/2024,"7,194,000","$124,326.65 "
Evap Credits $ only,4328-6251-5017,NP-EVAP,CP6253A,1/1/2024,0,"($14,530.32)"
Wiess College,4327-8232-9010,70078262,CP9010,1/1/2024,"1,100,000","$19,293.41 "
Wiess College Credit,4327-8232-9010,SP-EVAP,CP9010A,1/1/2024,0,"($10,042.45)"
Water Well,5010-0001-8017,911279,CP8017,1/1/2024,"5,924,000","$57,246.95 "
Alice Pratt Brown,9000-1599-9015,70111007,CP9015,1/1/2024,"131,000","$2,345.79 "
Anderson Clarke,9000-1602-1017,70278487,CP1017,1/1/2024,"526,000","$9,561.98 "
Annex Building,9000-1598-3019,10251022,CP3019,1/1/2024,"20,000",$389.53 
Baker Hall,4327-3330-2017,70247885,CP2017,1/1/2024,"13,000",$413.09 
BRC,4328-4330-1016,8528116,CP1016,1/1/2024,"230,000","$4,488.54 "
Cambridge Office Bldg,8510-0946-1019,70336306,CP1019,1/1/2024,"15,500",$485.63 
Dell Butcher ,4327-3548-8012,70246143,CP8012,1/1/2024,"106,000","$2,256.25 "
Football Stadium,9000-1598-4017,70109904,CP4017,1/1/2024,"174,000","$3,528.70 "
Jones  School,4327-8726-4014,70075189,CP8726,1/1/2024,"155,000","$3,096.11 "
Library Service Ctr,4328-0629-1014,70120536,CP1014,1/1/2024,0,$546.34 
Martel College,4327-8386-6010,70078261,CP6010,1/1/2024,"55,000","$1,382.11 "
O'Connor Building,8510-0028-9013,70413652,CP9013,1/1/2024,"504,000","$9,015.38 "
President's House,5603-3696-6430,64247,CP6430,1/1/2024,"8,000",$249.23 
Wellness Center,4328-4428-4013,70210599,CP4013,1/1/2024,"119,000","$2,586.50 "
Wellness Center - Pool,4328-4428-4013 L,210485419,CP4013,1/1/2024,"126,000","$1,574.28 "
A-North Lawn,4327-6506-4014,1019851,CP4014,1/1/2024,0,$18.18 
Allen Center Lawn,4327-1267-1010,2259705,CP1010,1/1/2024,"69,000",$870.33 
Anderson Clarke Irrigation,9000-1602-7014,13176324,CP7014,1/1/2024,"1,000",$30.53 
B-South Lawn,4327-6506-5011,208990,CP5011,1/1/2024,"75,000",$944.43 
BRC Lawn,9000-1715-8016,6589556,CP5801,1/1/2024,"43,000",$546.53 
Brockman Hall for Opera Lawn,9000-1354-5018,19491625,CP5018,1/1/2024,"2,000",$42.88 
Cameron Field Lawn,4327-1267-0012,1019880,CP0012,1/1/2024,"80,000",$997.09 
Geo R. Brown Lawn,4327-1267-2018,2259657,CP2018,1/1/2024,"19,500",$249.92 
Intramural Fld Lawn,4327-7743-8016,6561510,CP8016,1/1/2024,0,$18.18 
Lib Service Ctr Lawn,9000-1588-3011,3047766,CP3011,1/1/2024,"145,000","$1,808.93 "
Lovett College Lawn,4328-4952-4017,10019874,CP0018,1/1/2024,"98,000","$1,228.48 "
North College Lawn ,4328-4699-6010,9064832,LN6010,1/1/2024,"192,500","$2,386.47 "
Pres. House. Lawn,4328-1122-2012,3046702,CP2012,1/1/2024,"66,000",$833.28 
Soccer Field Lawn,4327-8841-2018,66973,CP8841,1/1/2024,"64,000",$808.58 
Wiess Lawn A,4327-8769-4012,13001508,CP4012,1/1/2024,"197,000","$2,442.04 "
Wiess Lawn X,9000-1716-0012,2008211,CP6001,1/1/2024,"96,000","$1,203.78 "
Anderson Hall -Fire,4327-3155-7018,Fire6,FP7018,2/1/2024,0,$193.67 
Biology -Fire,4327-2435-1015,Fire5,FP1015,2/1/2024,0,$193.67 
Duncan Hall -Fire,4327-3187-4017,Fire7,FP4017,2/1/2024,0,$193.67 
Hicks Kitchen -Fire,4327-2434-6015,Fire3,FP6015,2/1/2024,0,$193.67 
Keck Hall -Fire,4327-2434-5017,Fire2,FP5017,2/1/2024,0,$193.67 
Ryon Lab -Fire,4327-2434-7013,Fire4,FP7013,2/1/2024,0,$193.67 
Wiess College -Fire,4327-6955-7013,Fire1,CP7013,2/1/2024,0,$193.67 
Mechanical Engineering - Fire,4328-3919-9010,Fire8,CP3919,2/1/2024,0,$193.67 
FIRE9,9000-1589-2012,Fire9,FP2012,2/1/2024,0,$193.67 
FIRE10,9000-1589-3010,Fire10,FP3010,2/1/2024,0,$193.67 
FIRE11,9000-1589-4018,Fire11,FP4018,2/1/2024,0,$193.67 
FIRE12,9000-1589-5015,Fire12,FP5015,2/1/2024,0,$82.76 
FIRE13,9000-1589-6013,Fire13,FP6013,2/1/2024,0,$193.67 
FIRE14,9000-1702-4010,Fire14,FP4010,2/1/2024,0,$193.67 
FIRE15,9000-1702-5017,Fire15,FP2501,2/1/2024,0,$193.67 
FIRE16,9000-1702-6015,Fire16,FP2601,2/1/2024,0,$193.67 
FIRE17,9000-1702-7013,Fire17,FP2701,2/1/2024,0,$193.67 
Geo. R. Brown -Fire,9000-1602-0019,70246142,FP0019,2/1/2024,"1,000",$885.05 
Main Feed #1 Current chg,4328-6251-5017,18682076,CP7018,2/1/2024,"5,604,000","$97,151.12 "
Evap Credits $ only,4328-6251-5017,NP-EVAP,CP6253A,2/1/2024,0,"($23,361.91)"
Wiess College,4327-8232-9010,70078262,CP9010,2/1/2024,"1,815,000","$31,599.97 "
Wiess College Credit,4327-8232-9010,SP-EVAP,CP9010A,2/1/2024,0,"($13,069.60)"
Water Well,5010-0001-8017,911279,CP8017,2/1/2024,"2,111,000","$20,604.02 "
Alice Pratt Brown,9000-1599-9015,70111007,CP9015,2/1/2024,"174,000","$3,082.81 "
Anderson Clarke,9000-1602-1017,70278487,CP1017,2/1/2024,"610,000","$11,001.74 "
Annex Building,9000-1598-3019,10251022,CP3019,2/1/2024,"26,000",$531.30 
Baker Hall,4327-3330-2017,70247885,CP2017,2/1/2024,"20,000",$533.07 
BRC,4328-4330-1016,8528116,CP1016,2/1/2024,"219,500","$4,060.94 "
Cambridge Office Bldg,8510-0946-1019,70336306,CP1019,2/1/2024,"31,000",$971.25 
Dell Butcher ,4327-3548-8012,70246143,CP8012,2/1/2024,"114,000","$2,393.37 "
Football Stadium,9000-1598-4017,70109904,CP4017,2/1/2024,"198,000","$4,292.90 "
Jones  School,4327-8726-4014,70075189,CP8726,2/1/2024,"178,000","$3,490.33 "
Library Service Ctr,4328-0629-1014,70120536,CP1014,2/1/2024,0,$546.34 
Martel College,4327-8386-6010,70078261,CP6010,2/1/2024,"67,000","$1,587.79 "
O'Connor Building,8510-0028-9013,70413652,CP9013,2/1/2024,"329,000","$6,866.50 "
President's House,5603-3696-6430,64247,CP6430,2/1/2024,"4,000",$160.35 
Wellness Center,4328-4428-4013,70210599,CP4013,2/1/2024,"128,000","$2,740.76 "
Wellness Center - Pool,4328-4428-4013 L,210485419,CP4013,2/1/2024,"95,000","$1,191.43 "
A-North Lawn,4327-6506-4014,1019851,CP4014,2/1/2024,0,$18.18 
Allen Center Lawn,4327-1267-1010,2259705,CP1010,2/1/2024,"20,000",$274.18 
Anderson Clarke Irrigation,9000-1602-7014,13176324,CP7014,2/1/2024,"21,000",$286.98 
B-South Lawn,4327-6506-5011,208990,CP5011,2/1/2024,"192,000","$2,389.38 "
BRC Lawn,9000-1715-8016,6589556,CP5801,2/1/2024,"149,000","$1,922.68 "
Brockman Hall for Opera Lawn,9000-1354-5018,19491625,CP5018,2/1/2024,"3,000",$56.58 
Cameron Field Lawn,4327-1267-0012,1019880,CP0012,2/1/2024,"152,000","$1,963.78 "
Geo R. Brown Lawn,4327-1267-2018,2259657,CP2018,2/1/2024,"18,000",$248.58 
Intramural Fld Lawn,4327-7743-8016,6561510,CP8016,2/1/2024,"201,000","$2,500.53 "
Lib Service Ctr Lawn,9000-1588-3011,3047766,CP3011,2/1/2024,"129,000","$1,669.38 "
Lovett College Lawn,4328-4952-4017,10019874,CP0018,2/1/2024,"325,000","$4,031.93 "
North College Lawn ,4328-4699-6010,9064832,LN6010,2/1/2024,"205,000","$2,642.18 "
Pres. House. Lawn,4328-1122-2012,3046702,CP2012,2/1/2024,"164,000","$2,043.58 "
Soccer Field Lawn,4327-8841-2018,66973,CP8841,2/1/2024,"82,000","$1,030.88 "
Wiess Lawn A,4327-8769-4012,13001508,CP4012,2/1/2024,"106,000","$1,374.98 "
Wiess Lawn X,9000-1716-0012,2008211,CP6001,2/1/2024,"10,000",$266.56 
Anderson Hall -Fire,4327-3155-7018,Fire6,FP7018,3/1/2024,0,$193.67 
Biology -Fire,4327-2435-1015,Fire5,FP1015,3/1/2024,0,$193.67 
Duncan Hall -Fire,4327-3187-4017,Fire7,FP4017,3/1/2024,0,$193.67 
Hicks Kitchen -Fire,4327-2434-6015,Fire3,FP6015,3/1/2024,0,$193.67 
Keck Hall -Fire,4327-2434-5017,Fire2,FP5017,3/1/2024,0,$193.67 
Ryon Lab -Fire,4327-2434-7013,Fire4,FP7013,3/1/2024,0,$193.67 
Wiess College -Fire,4327-6955-7013,Fire1,CP7013,3/1/2024,0,$193.67 
Mechanical Engineering - Fire,4328-3919-9010,Fire8,CP3919,3/1/2024,0,$193.67 
FIRE9,9000-1589-2012,Fire9,FP2012,3/1/2024,0,$193.67 
FIRE10,9000-1589-3010,Fire10,FP3010,3/1/2024,0,$193.67 
FIRE11,9000-1589-4018,Fire11,FP4018,3/1/2024,0,$193.67 
FIRE12,9000-1589-5015,Fire12,FP5015,3/1/2024,0,$82.76 
FIRE13,9000-1589-6013,Fire13,FP6013,3/1/2024,0,$193.67 
FIRE14,9000-1702-4010,Fire14,FP4010,3/1/2024,0,$193.67 
FIRE15,9000-1702-5017,Fire15,FP2501,3/1/2024,0,$193.67 
FIRE16,9000-1702-6015,Fire16,FP2601,3/1/2024,0,$193.67 
FIRE17,9000-1702-7013,Fire17,FP2701,3/1/2024,0,$193.67 
Geo. R. Brown -Fire,9000-1602-0019,70246142,FP0019,3/1/2024,"2,000",$480.04 
Main Feed #1 Current chg,4328-6251-5017,18682076,CP7018,3/1/2024,"5,604,000","$97,151.13 "
Evap Credits $ only,4328-6251-5017,NP-EVAP,CP6253A,3/1/2024,0,"($31,938.84)"
Wiess College,4327-8232-9010,70078262,CP9010,3/1/2024,"1,122,000","$20,008.30 "
Wiess College Credit,4327-8232-9010,SP-EVAP,CP9010A,3/1/2024,0,"($14,778.26)"
Water Well,5010-0001-8017,911279,CP8017,3/1/2024,"9,489,000","$92,650.00 "
Alice Pratt Brown,9000-1599-9015,70111007,CP9015,3/1/2024,"163,000","$2,936.24 "
Anderson Clarke,9000-1602-1017,70278487,CP1017,3/1/2024,"621,000","$11,352.84 "
Annex Building,9000-1598-3019,10251022,CP3019,3/1/2024,"17,000",$342.89 
Baker Hall,4327-3330-2017,70247885,CP2017,3/1/2024,"14,000",$430.23 
BRC,4328-4330-1016,8528116,CP1016,3/1/2024,"219,500","$4,060.94 "
Cambridge Office Bldg,8510-0946-1019,70336306,CP1019,3/1/2024,"25,000",$880.51 
Dell Butcher ,4327-3548-8012,70246143,CP8012,3/1/2024,"99,000","$2,166.87 "
Football Stadium,9000-1598-4017,70109904,CP4017,3/1/2024,"189,000","$3,808.37 "
Jones  School,4327-8726-4014,70075189,CP8726,3/1/2024,"163,000","$3,252.51 "
Library Service Ctr,4328-0629-1014,70120536,CP1014,3/1/2024,"2,500",$332.45 
Martel College,4327-8386-6010,70078261,CP6010,3/1/2024,"117,000","$2,479.89 "
O'Connor Building,8510-0028-9013,70413652,CP9013,3/1/2024,"294,000","$5,670.32 "
President's House,5603-3696-6430,64247,CP6430,3/1/2024,"6,000",$203.36 
Wellness Center,4328-4428-4013,70210599,CP4013,3/1/2024,"120,000","$2,619.08 "
Wellness Center - Pool,4328-4428-4013 L,210485419,CP4013,3/1/2024,"85,000","$1,070.61 "
A-North Lawn,4327-6506-4014,1019851,CP4014,3/1/2024,0,$18.29 
Allen Center Lawn,4327-1267-1010,2259705,CP1010,3/1/2024,"26,000",$340.39 
Anderson Clarke Irrigation,9000-1602-7014,13176324,CP7014,3/1/2024,"11,000",$154.94 
B-South Lawn,4327-6506-5011,208990,CP5011,3/1/2024,"242,000","$3,021.98 "
BRC Lawn,9000-1715-8016,6589556,CP5801,3/1/2024,"53,000",$672.24 
Brockman Hall for Opera Lawn,9000-1354-5018,19491625,CP5018,3/1/2024,"3,000",$55.67 
Cameron Field Lawn,4327-1267-0012,1019880,CP0012,3/1/2024,"193,000","$2,416.30 "
Geo R. Brown Lawn,4327-1267-2018,2259657,CP2018,3/1/2024,"19,000",$254.42 
Intramural Fld Lawn,4327-7743-8016,6561510,CP8016,3/1/2024,"8,000",$118.42 
Lib Service Ctr Lawn,9000-1588-3011,3047766,CP3011,3/1/2024,"61,000",$776.92 
Lovett College Lawn,4328-4952-4017,10019874,CP0018,3/1/2024,"369,000","$4,586.82 "
North College Lawn ,4328-4699-6010,9064832,LN6010,3/1/2024,"194,000","$2,428.72 "
Pres. House. Lawn,4328-1122-2012,3046702,CP2012,3/1/2024,"95,000","$1,195.91 "
Soccer Field Lawn,4327-8841-2018,66973,CP8841,3/1/2024,"146,000","$1,827.91 "
Wiess Lawn A,4327-8769-4012,13001508,CP4012,3/1/2024,"139,000","$1,745.35 "
Wiess Lawn X,9000-1716-0012,2008211,CP6001,3/1/2024,"11,000",$154.94 
Anderson Hall -Fire,4327-3155-7018,Fire6,FP7018,4/1/2024,0,$195.17 
Biology -Fire,4327-2435-1015,Fire5,FP1015,4/1/2024,0,$195.17 
Duncan Hall -Fire,4327-3187-4017,Fire7,FP4017,4/1/2024,0,$195.17 
Hicks Kitchen -Fire,4327-2434-6015,Fire3,FP6015,4/1/2024,0,$195.17 
Keck Hall -Fire,4327-2434-5017,Fire2,FP5017,4/1/2024,0,$195.17 
Ryon Lab -Fire,4327-2434-7013,Fire4,FP7013,4/1/2024,0,$195.17 
Wiess College -Fire,4327-6955-7013,Fire1,CP7013,4/1/2024,0,$195.17 
Mechanical Engineering - Fire,4328-3919-9010,Fire8,CP3919,4/1/2024,0,$195.17 
FIRE9,9000-1589-2012,Fire9,FP2012,4/1/2024,0,$195.17 
FIRE10,9000-1589-3010,Fire10,FP3010,4/1/2024,0,$195.17 
FIRE11,9000-1589-4018,Fire11,FP4018,4/1/2024,0,$195.17 
FIRE12,9000-1589-5015,Fire12,FP5015,4/1/2024,0,$83.10 
FIRE13,9000-1589-6013,Fire13,FP6013,4/1/2024,0,$195.17 
FIRE14,9000-1702-4010,Fire14,FP4010,4/1/2024,0,$195.17 
FIRE15,9000-1702-5017,Fire15,FP2501,4/1/2024,0,$195.17 
FIRE16,9000-1702-6015,Fire16,FP2601,4/1/2024,0,$195.17 
FIRE17,9000-1702-7013,Fire17,FP2701,4/1/2024,0,$195.17 
Geo. R. Brown -Fire,9000-1602-0019,70246142,FP0019,4/1/2024,"1,000",$493.13 
Main Feed #1 Current chg,4328-6251-5017,18682076,CP7018,4/1/2024,"7,635,000","$143,346.91 "
Evap Credits $ only,4328-6251-5017,NP-EVAP,CP6253A,4/1/2024,0,"($55,534.84)"
Wiess College,4327-8232-9010,70078262,CP9010,4/1/2024,"1,446,000","$27,427.93 "
Wiess College Credit,4327-8232-9010,SP-EVAP,CP9010A,4/1/2024,0,"($14,892.67)"
Water Well,5010-0001-8017,911279,CP8017,4/1/2024,"8,625,000","$91,001.49 "
Alice Pratt Brown,9000-1599-9015,70111007,CP9015,4/1/2024,"217,000","$4,152.65 "
Anderson Clarke,9000-1602-1017,70278487,CP1017,4/1/2024,"278,000","$5,772.10 "
Annex Building,9000-1598-3019,10251022,CP3019,4/1/2024,"20,000",$422.71 
Baker Hall,4327-3330-2017,70247885,CP2017,4/1/2024,"19,000",$557.76 
BRC,4328-4330-1016,8528116,CP1016,4/1/2024,"324,000","$6,629.54 "
Cambridge Office Bldg,8510-0946-1019,70336306,CP1019,4/1/2024,"30,000","$1,034.19 "
Dell Butcher ,4327-3548-8012,70246143,CP8012,4/1/2024,"74,000","$1,853.85 "
Football Stadium,9000-1598-4017,70109904,CP4017,4/1/2024,"247,000","$5,194.26 "
Jones  School,4327-8726-4014,70075189,CP8726,4/1/2024,"169,000","$3,624.65 "
Library Service Ctr,4328-0629-1014,70120536,CP1014,4/1/2024,"2,500",$332.45 
Martel College,4327-8386-6010,70078261,CP6010,4/1/2024,"202,000","$4,239.77 "
O'Connor Building,8510-0028-9013,70413652,CP9013,4/1/2024,"347,000","$7,058.76 "
President's House,5603-3696-6430,64247,CP6430,4/1/2024,"5,000",$191.25 
Wellness Center,4328-4428-4013,70210599,CP4013,4/1/2024,"121,000","$2,846.12 "
Wellness Center - Pool,4328-4428-4013 L,210485419,CP4013,4/1/2024,"42,000",$556.34 
A-North Lawn,4327-6506-4014,1019851,CP4014,4/1/2024,0,$18.74 
Allen Center Lawn,4327-1267-1010,2259705,CP1010,4/1/2024,"60,000",$786.74 
Anderson Clarke Irrigation,9000-1602-7014,13176324,CP7014,4/1/2024,"25,000",$338.74 
B-South Lawn,4327-6506-5011,208990,CP5011,4/1/2024,"351,000","$4,511.54 "
BRC Lawn,9000-1715-8016,6589556,CP5801,4/1/2024,"43,000",$777.83 
Brockman Hall for Opera Lawn,9000-1354-5018,19491625,CP5018,4/1/2024,"3,000",$57.14 
Cameron Field Lawn,4327-1267-0012,1019880,CP0012,4/1/2024,"97,000","$1,260.34 "
Geo R. Brown Lawn,4327-1267-2018,2259657,CP2018,4/1/2024,"19,000",$261.94 
Intramural Fld Lawn,4327-7743-8016,6561510,CP8016,4/1/2024,"13,000",$185.14 
Lib Service Ctr Lawn,9000-1588-3011,3047766,CP3011,4/1/2024,"165,000","$2,130.74 "
Lovett College Lawn,4328-4952-4017,10019874,CP0018,4/1/2024,"294,000","$3,781.94 "
North College Lawn ,4328-4699-6010,9064832,LN6010,4/1/2024,"231,000","$2,975.54 "
Pres. House. Lawn,4328-1122-2012,3046702,CP2012,4/1/2024,"138,000","$1,785.14 "
Soccer Field Lawn,4327-8841-2018,66973,CP8841,4/1/2024,"99,000","$1,285.94 "
Wiess Lawn A,4327-8769-4012,13001508,CP4012,4/1/2024,"305,000","$3,922.74 "
Wiess Lawn X,9000-1716-0012,2008211,CP6001,4/1/2024,"30,000",$402.74 
Anderson Hall -Fire,4327-3155-7018,Fire6,FP7018,5/1/2024,0,$195.17 
Biology -Fire,4327-2435-1015,Fire5,FP1015,5/1/2024,0,$195.17 
Duncan Hall -Fire,4327-3187-4017,Fire7,FP4017,5/1/2024,0,$195.17 
Hicks Kitchen -Fire,4327-2434-6015,Fire3,FP6015,5/1/2024,0,$195.17 
Keck Hall -Fire,4327-2434-5017,Fire2,FP5017,5/1/2024,0,$195.17 
Ryon Lab -Fire,4327-2434-7013,Fire4,FP7013,5/1/2024,0,$195.17 
Wiess College -Fire,4327-6955-7013,Fire1,CP7013,5/1/2024,0,$195.17 
Mechanical Engineering - Fire,4328-3919-9010,Fire8,CP3919,5/1/2024,0,$195.17 
FIRE9,9000-1589-2012,Fire9,FP2012,5/1/2024,0,$195.17 
FIRE10,9000-1589-3010,Fire10,FP3010,5/1/2024,0,$195.17 
FIRE11,9000-1589-4018,Fire11,FP4018,5/1/2024,0,$195.17 
FIRE12,9000-1589-5015,Fire12,FP5015,5/1/2024,0,$83.10 
FIRE13,9000-1589-6013,Fire13,FP6013,5/1/2024,0,$195.17 
FIRE14,9000-1702-4010,Fire14,FP4010,5/1/2024,0,$195.17 
FIRE15,9000-1702-5017,Fire15,FP2501,5/1/2024,0,$195.17 
FIRE16,9000-1702-6015,Fire16,FP2601,5/1/2024,0,$195.17 
FIRE17,9000-1702-7013,Fire17,FP2701,5/1/2024,0,$195.17 
Geo. R. Brown -Fire,9000-1602-0019,70246142,FP0019,5/1/2024,"1,000",$493.13 
Main Feed #1 Current chg,4328-6251-5017,18682076,CP7018,5/1/2024,"7,303,000","$137,106.97 "
Evap Credits $ only,4328-6251-5017,NP-EVAP,CP6253A,5/1/2024,0,"($62,439.91)"
Wiess College,4327-8232-9010,70078262,CP9010,5/1/2024,"3,352,000","$63,213.07 "
Wiess College Credit,4327-8232-9010,SP-EVAP,CP9010A,5/1/2024,0,"($25,917.66)"
Water Well,5010-0001-8017,911279,CP8017,5/1/2024,"3,408,000","$36,170.82 "
Alice Pratt Brown,9000-1599-9015,70111007,CP9015,5/1/2024,"93,500","$1,796.72 "
Anderson Clarke,9000-1602-1017,70278487,CP1017,5/1/2024,"366,000","$7,412.42 "
Annex Building,9000-1598-3019,10251022,CP3019,5/1/2024,"21,000",$441.35 
Baker Hall,4327-3330-2017,70247885,CP2017,5/1/2024,"17,000",$521.83 
BRC,4328-4330-1016,8528116,CP1016,5/1/2024,"250,000","$5,250.18 "
Cambridge Office Bldg,8510-0946-1019,70336306,CP1019,5/1/2024,"28,000",$996.91 
Dell Butcher ,4327-3548-8012,70246143,CP8012,5/1/2024,"8,000",$623.61 
Football Stadium,9000-1598-4017,70109904,CP4017,5/1/2024,"243,000","$5,119.70 "
Jones  School,4327-8726-4014,70075189,CP8726,5/1/2024,"87,000","$2,096.17 "
Library Service Ctr,4328-0629-1014,70120536,CP1014,5/1/2024,"4,000",$664.74 
Martel College,4327-8386-6010,70078261,CP6010,5/1/2024,"69,000","$1,760.65 "
O'Connor Building,8510-0028-9013,70413652,CP9013,5/1/2024,"278,000","$5,772.60 "
President's House,5603-3696-6430,64247,CP6430,5/1/2024,"3,000",$128.47 
Wellness Center,4328-4428-4013,70210599,CP4013,5/1/2024,"81,000","$2,100.52 "
Wellness Center - Pool,4328-4428-4013 L,210485419,CP4013,5/1/2024,"31,000",$415.54 
A-North Lawn,4327-6506-4014,1019851,CP4014,5/1/2024,0,$18.74 
Allen Center Lawn,4327-1267-1010,2259705,CP1010,5/1/2024,"135,000","$1,746.74 "
Anderson Clarke Irrigation,9000-1602-7014,13176324,CP7014,5/1/2024,"9,000",$133.94 
B-South Lawn,4327-6506-5011,208990,CP5011,5/1/2024,"318,000","$4,089.14 "
BRC Lawn,9000-1715-8016,6589556,CP5801,5/1/2024,"63,000",$822.33 
Brockman Hall for Opera Lawn,9000-1354-5018,19491625,CP5018,5/1/2024,"3,000",$57.14 
Cameron Field Lawn,4327-1267-0012,1019880,CP0012,5/1/2024,"239,000","$3,077.94 "
Geo R. Brown Lawn,4327-1267-2018,2259657,CP2018,5/1/2024,"18,000",$249.14 
Intramural Fld Lawn,4327-7743-8016,6561510,CP8016,5/1/2024,"20,000",$274.74 
Lib Service Ctr Lawn,9000-1588-3011,3047766,CP3011,5/1/2024,"54,000",$709.94 
Lovett College Lawn,4328-4952-4017,10019874,CP0018,5/1/2024,"392,000","$5,036.34 "
North College Lawn ,4328-4699-6010,9064832,LN6010,5/1/2024,"227,000","$2,924.34 "
Pres. House. Lawn,4328-1122-2012,3046702,CP2012,5/1/2024,"131,000","$1,695.54 "
Soccer Field Lawn,4327-8841-2018,66973,CP8841,5/1/2024,0,$18.74 
Wiess Lawn A,4327-8769-4012,13001508,CP4012,5/1/2024,"177,000","$2,284.34 "
Wiess Lawn X,9000-1716-0012,2008211,CP6001,5/1/2024,"31,000",$415.54 
Anderson Hall -Fire,4327-3155-7018,Fire6,FP7018,6/1/2024,0,$195.17 
Biology -Fire,4327-2435-1015,Fire5,FP1015,6/1/2024,0,$195.17 
Duncan Hall -Fire,4327-3187-4017,Fire7,FP4017,6/1/2024,0,$195.17 
Hicks Kitchen -Fire,4327-2434-6015,Fire3,FP6015,6/1/2024,0,$195.17 
Keck Hall -Fire,4327-2434-5017,Fire2,FP5017,6/1/2024,0,$195.17 
Ryon Lab -Fire,4327-2434-7013,Fire4,FP7013,6/1/2024,0,$195.17 
Wiess College -Fire,4327-6955-7013,Fire1,CP7013,6/1/2024,0,$195.17 
Mechanical Engineering - Fire,4328-3919-9010,Fire8,CP3919,6/1/2024,0,$195.17 
FIRE9,9000-1589-2012,Fire9,FP2012,6/1/2024,0,$195.17 
FIRE10,9000-1589-3010,Fire10,FP3010,6/1/2024,0,$195.17 
FIRE11,9000-1589-4018,Fire11,FP4018,6/1/2024,0,$195.17 
FIRE12,9000-1589-5015,Fire12,FP5015,6/1/2024,0,$83.10 
FIRE13,9000-1589-6013,Fire13,FP6013,6/1/2024,0,$195.17 
FIRE14,9000-1702-4010,Fire14,FP4010,6/1/2024,0,$195.17 
FIRE15,9000-1702-5017,Fire15,FP2501,6/1/2024,0,$195.17 
FIRE16,9000-1702-6015,Fire16,FP2601,6/1/2024,0,$195.17 
FIRE17,9000-1702-7013,Fire17,FP2701,6/1/2024,0,$195.17 
Geo. R. Brown -Fire,9000-1602-0019,70246142,FP0019,6/1/2024,"1,000",$493.13 
Main Feed #1 Current chg,4328-6251-5017,18682076,CP7018,6/1/2024,"8,942,000","$167,760.85 "
Evap Credits $ only,4328-6251-5017,NP-EVAP,CP6253A,6/1/2024,0,"($73,339.83)"
Wiess College,4327-8232-9010,70078262,CP9010,6/1/2024,"3,198,000","$60,085.21 "
Wiess College Credit,4327-8232-9010,SP-EVAP,CP9010A,6/1/2024,0,"($32,927.83)"
Water Well,5010-0001-8017,911279,CP8017,6/1/2024,"2,368,000","$25,240.42 "
Alice Pratt Brown,9000-1599-9015,70111007,CP9015,6/1/2024,"93,500","$1,796.73 "
Anderson Clarke,9000-1602-1017,70278487,CP1017,6/1/2024,"200,000","$4,318.18 "
Annex Building,9000-1598-3019,10251022,CP3019,6/1/2024,"14,000",$310.87 
Baker Hall,4327-3330-2017,70247885,CP2017,6/1/2024,"12,000",$428.63 
BRC,4328-4330-1016,8528116,CP1016,6/1/2024,"251,000","$5,268.82 "
Cambridge Office Bldg,8510-0946-1019,70336306,CP1019,6/1/2024,"28,000",$996.91 
Dell Butcher ,4327-3548-8012,70246143,CP8012,6/1/2024,"44,500","$1,066.72 "
Football Stadium,9000-1598-4017,70109904,CP4017,6/1/2024,"284,000","$5,883.94 "
Jones  School,4327-8726-4014,70075189,CP8726,6/1/2024,"50,000","$1,406.49 "
Library Service Ctr,4328-0629-1014,70120536,CP1014,6/1/2024,"2,000",$627.46 
Martel College,4327-8386-6010,70078261,CP6010,6/1/2024,"331,000","$6,644.33 "
O'Connor Building,8510-0028-9013,70413652,CP9013,6/1/2024,"212,000","$4,542.36 "
President's House,5603-3696-6430,64247,CP6430,6/1/2024,"3,000",$128.47 
Wellness Center,4328-4428-4013,70210599,CP4013,6/1/2024,"113,000","$2,697.00 "
Wellness Center - Pool,4328-4428-4013 L,210485419,CP4013,6/1/2024,"64,000",$837.94 
A-North Lawn,4327-6506-4014,1019851,CP4014,6/1/2024,0,$18.74 
Allen Center Lawn,4327-1267-1010,2259705,CP1010,6/1/2024,"112,000","$1,452.34 "
Anderson Clarke Irrigation,9000-1602-7014,13176324,CP7014,6/1/2024,"72,000",$940.34 
B-South Lawn,4327-6506-5011,208990,CP5011,6/1/2024,"333,000","$4,281.14 "
BRC Lawn,9000-1715-8016,6589556,CP5801,6/1/2024,"60,000",$783.93 
Brockman Hall for Opera Lawn,9000-1354-5018,19491625,CP5018,6/1/2024,"20,000",$274.74 
Cameron Field Lawn,4327-1267-0012,1019880,CP0012,6/1/2024,"217,000","$2,796.34 "
Geo R. Brown Lawn,4327-1267-2018,2259657,CP2018,6/1/2024,"17,000",$236.34 
Intramural Fld Lawn,4327-7743-8016,6561510,CP8016,6/1/2024,"5,000",$82.74 
Lib Service Ctr Lawn,9000-1588-3011,3047766,CP3011,6/1/2024,"144,000","$1,861.94 "
Lovett College Lawn,4328-4952-4017,10019874,CP0018,6/1/2024,"292,000","$3,756.34 "
North College Lawn ,4328-4699-6010,9064832,LN6010,6/1/2024,"11,000",$159.54 
Pres. House. Lawn,4328-1122-2012,3046702,CP2012,6/1/2024,"152,000","$1,964.34 "
Soccer Field Lawn,4327-8841-2018,66973,CP8841,6/1/2024,"262,000","$3,372.34 "
Wiess Lawn A,4327-8769-4012,13001508,CP4012,6/1/2024,"169,000","$2,181.94 "
Wiess Lawn X,9000-1716-0012,2008211,CP6001,6/1/2024,"25,000",$338.74 
